S.No,Question,Answer
1,I’m near the Main Gate. How do I reach Room 204 in North Block?,Walk straight along the central pathway. Turn left at the main junction. Enter North Block. Take the lift or stairs to the 2nd floor. Room 204 will be on your right side. Estimated time: 4 minutes.
2,I am running late for class. What’s the fastest route to South Block?,Use the central pathway. Take right at the junction. Walk straight to South Block. Estimated time: 3 minutes.
3,Can you guide me step-by-step to the Library?,Move towards the central academic corridor. Continue straight. The Library will be on your left side.
4,Where exactly am I right now?,Your current location is near the Central Pathway. You are approximately 50 meters away from North Block.
5,Which block is closest to me?,"Based on your location, West Block is the closest building (approximately 1 minute walk)."
6,I need to meet the HOD. Where is the HOD cabin?,The HOD Cabin is located inside the respective department block. Please provide the department name for accurate guidance.
7,Is there a lift in South Block?,"Yes, South Block has both lift and staircase facilities for all floors."
8,Show me all computer labs on campus.,Computer Labs are available in North Block – 2nd Floor and West Block – 1st Floor.
9,How long will it take to reach West Block from here?,Estimated walking time: 2 minutes 30 seconds. Distance: 120 meters.
10,I’m searching for the Examination Cell.,The Examination Cell is located in the Administrative Section near the central office area.
11,I’m on the 1st floor of North Block. Where is Room 105?,Walk straight along the corridor. Room 105 will be on the left side.
12,Is there a shortcut to the Seminar Hall?,Yes. Use the internal side pathway near West Block. This reduces walking time by approximately 1 minute.
13,Where is the nearest restroom?,The nearest restroom is 20 meters ahead on your right side inside North Block.
14,Can you guide me floor-wise?,Step 1: Reach the block entrance. Step 2: Use lift or stairs. Step 3: Follow floor map directions. Step 4: Destination highlighted.
15,I’m new to campus. Can you give a quick overview?,North Block – Academic Classrooms. South Block – Department Offices. West Block – Labs and Seminar Hall. Central Area – Library and Administration.
16,Which route is less crowded?,The side pathway near West Block currently has lower foot traffic.
17,Where is the parking area?,The parking area is located near the Main Gate on the right side.
18,I lost my classroom. What should I do?,Please provide your room number or department name. I will guide you step-by-step.
19,Show me nearby facilities.,Restroom – 20 meters. Lift – 10 meters. Computer Lab – 35 meters. Library – 80 meters.
20,Can you guide visitors to the Principal’s Office?,Enter through the Main Gate. Walk straight to the Administration Block. Principal’s Office is on the ground floor.
21,What is the contact information for the Placement Department?,"The Placement Department can be reached at placement@college.edu, Phone: +91-123-4567890. Office hours: Monday to Friday, 9:00 AM to 5:00 PM. Located in the Administrative Block, 2nd Floor."
22,What is the average placement package for our college?,"The average placement package for the current academic year is ₹6.5 LPA. The highest package offered was ₹28 LPA, and the lowest package was ₹3.5 LPA."
23,Which companies visit our campus for placements?,"Top recruiters include: TCS, Infosys, Wipro, Accenture, Cognizant, Amazon, Microsoft, Google, Adobe, IBM, Tech Mahindra, Capgemini, HCL, L&T Infotech, and many more."
24,What is the placement percentage for CSE department?,The Computer Science and Engineering department has achieved 95% placement rate with an average package of ₹7.8 LPA and highest package of ₹28 LPA.
25,What is the placement percentage for ECE department?,The Electronics and Communication Engineering department has achieved 88% placement rate with an average package of ₹6.2 LPA and highest package of ₹18 LPA.
26,What is the placement percentage for Mechanical department?,The Mechanical Engineering department has achieved 82% placement rate with an average package of ₹5.8 LPA and highest package of ₹15 LPA.
27,What are the eligibility criteria for campus placements?,"Eligibility criteria: Minimum 60% aggregate in graduation, no active backlogs at the time of placement drive, 60% in 10th and 12th standard (relaxation for reserved categories). Some companies may have specific CGPA requirements."
28,How do I register for placement activities?,"Register through the college placement portal at placements.college.edu. Upload your updated resume, mark sheets, and fill in all required details. Attend mandatory pre-placement training sessions."
29,What training programs does the Placement Department offer?,"We offer: Aptitude training, Technical skill development, Soft skills workshops, Mock interviews, Group discussion practice, Resume building sessions, and Industry-specific certification programs."
30,When does the placement season typically start?,The placement season typically begins in August-September for final year students. Pre-placement training starts from June. Summer internship drives are conducted in January-February.
31,Does the college provide internship opportunities?,"Yes, the Placement Cell facilitates summer internships during the pre-final year. Over 200 companies offer internship opportunities with stipends ranging from ₹5,000 to ₹50,000 per month."
32,What is the highest package ever offered at our college?,The highest package ever offered was ₹42 LPA by Google to a Computer Science student in 2023. The second highest was ₹35 LPA by Microsoft.
33,How many students were placed last year?,"Last year, 847 out of 950 eligible students were successfully placed across various companies, achieving an overall placement rate of 89.2%."
34,What support does the college provide for higher studies?,"The Placement Cell has a dedicated Higher Studies Wing that provides GRE/TOEFL/IELTS preparation, university shortlisting guidance, SOP/LOR assistance, and visa counseling. Over 50 students pursue higher studies abroad annually."
35,Are there any placement preparation courses?,"Yes, we offer comprehensive placement preparation including: Quantitative Aptitude, Logical Reasoning, Verbal Ability, Data Structures & Algorithms, System Design, Core subjects revision, and Personality Development."
36,What is the role of the Training and Placement Officer?,"The TPO coordinates with companies, organizes campus drives, manages student registrations, conducts pre-placement talks, facilitates interviews, and ensures smooth placement process. Dr. Rajesh Kumar is our current TPO."
37,Can I apply to multiple companies during placements?,"Yes, students can apply to multiple companies. However, once you accept an offer, you must withdraw from remaining drives. Dream and Super Dream offers have different rules - consult the placement policy."
38,What is the dress code for placement drives?,"Formal business attire is mandatory: For men - formal shirt, trousers, tie, and formal shoes. For women - formal saree, salwar kameez, or business suit with formal footwear."
39,How are placement statistics calculated?,"Placement statistics include: Number of students placed, companies participated, average/median/highest packages, department-wise placement data. Students with multiple offers are counted once at their highest package."
40,What sectors recruit from our college?,"Major recruiting sectors: IT/Software (65%), Core Engineering (15%), Consulting (8%), Analytics (5%), Finance (3%), Management (2%), and Others (2%)."
41,Does the college have a career guidance cell?,"Yes, the Career Guidance Cell provides one-on-one counseling, career aptitude tests, industry exposure sessions, alumni mentoring, and helps students choose between job offers or higher studies."
42,What is the placement record for MBA students?,"MBA students achieve 100% placement with average package of ₹8.5 LPA and highest of ₹18 LPA. Top recruiters include ICICI Bank, HDFC, Deloitte, Ernst & Young, and various startups."
43,Are startups allowed to recruit from campus?,"Yes, we welcome startups for campus recruitment. Last year, 25 startups participated offering innovative roles in product development, marketing, and operations with competitive packages."
44,What is the super dream offer category?,Super Dream offers are packages above ₹15 LPA. Students accepting super dream offers are restricted from participating in further drives. This ensures opportunities for all students.
45,How does the college support entrepreneurship?,"The Entrepreneurship Development Cell supports startups through incubation facilities, seed funding up to ₹5 lakhs, mentorship programs, industry networking, and legal/financial guidance."
46,What is the alumni network's role in placements?,"Our 10,000+ alumni network provides job referrals, conducts mock interviews, shares industry insights, and many return as recruiters. The Alumni Association organizes annual job fairs."
47,Are international placements available?,"Yes, international opportunities are available through global companies. Last year, 15 students were placed internationally in USA, UK, Singapore, and UAE with packages ranging from $60,000-$95,000 annually."
48,What is the policy for placement postponement?,Students pursuing higher studies or having valid medical reasons can request placement postponement. Written application to TPO with supporting documents required 30 days before placement season.
49,How competitive is the placement process?,Competition varies by company and role. Preparation is key - students who complete training programs and maintain good academics have 90%+ success rate. Average 3-4 interview rounds per company.
50,What happens if a student is not placed?,"The college provides extended support including: Pool campus drives, off-campus placement assistance, additional training, project-based skill development, and opportunities throughout the year until placement is secured."
51,How many faculty members are there in CSE department?,"The Computer Science and Engineering department has 45 faculty members including 8 Professors, 15 Associate Professors, 18 Assistant Professors, and 4 visiting faculty."
52,What are the qualifications of our faculty?,85% of faculty hold Ph.D. degrees from reputed institutions. Faculty members have published over 500 research papers in international journals and conferences. Average teaching experience is 12 years.
53,Who is the Head of the Computer Science Department?,Dr. Priya Sharma is the Head of Computer Science Department. She holds a Ph.D. from IIT Delhi and has 20 years of teaching experience with specialization in Artificial Intelligence and Machine Learning.
54,Does the college have faculty exchange programs?,"Yes, we have MoUs with 15 international universities. Faculty members participate in exchange programs, joint research projects, and collaborative teaching. Last year, 8 faculty visited partner institutions."
55,What research areas are faculty working on?,"Major research areas: Artificial Intelligence, Machine Learning, IoT, Blockchain, Cybersecurity, Renewable Energy, Nanotechnology, Robotics, Data Science, and Sustainable Engineering."
56,How many faculty have received research grants?,"35 faculty members have received research grants totaling ₹4.5 crores from DST, AICTE, UGC, and industry partners in the last three years."
57,Are faculty members available for student mentoring?,"Yes, each student is assigned a faculty mentor. Mentors conduct monthly meetings, guide academic progress, provide career counseling, and support personal development. Office hours: Monday-Friday 2-4 PM."
58,What awards have faculty members received?,"Faculty achievements include: 5 Best Teacher Awards, 3 Outstanding Researcher Awards, 2 Innovation Awards, and recognition from professional bodies like IEEE, ACM, and ISTE."
59,Does the college encourage faculty development?,"Yes, annual budget of ₹30 lakhs for Faculty Development Programs (FDPs). Faculty attend workshops, conferences, and short-term courses. 100+ FDP participations annually."
60,Who is the Dean of Academics?,Prof. Dr. Ramesh Kumar is the Dean of Academics. He has 25 years of experience and specializes in curriculum development and academic excellence initiatives.
61,How many faculty are IEEE/ACM members?,"62 faculty members are active members of professional bodies: 35 IEEE members, 18 ACM members, 25 ISTE members, and 12 members of domain-specific societies."
62,What is the student-faculty ratio?,"The overall student-faculty ratio is 15:1, which is better than AICTE norms. For core subjects, the ratio is maintained at 12:1 ensuring personalized attention."
63,Do faculty publish research papers?,"Yes, faculty publish extensively. Last year: 120 papers in SCI/Scopus indexed journals, 85 papers in international conferences, 15 book chapters, and 3 patents filed."
64,Who are the youngest achievers among faculty?,Dr. Anil Verma (32 years) received Young Scientist Award from DST. Dr. Sneha Reddy (30 years) published in Nature Scientific Reports. Both completed Ph.D. before 28.
65,Are guest lectures organized by faculty?,"Yes, departments organize 50+ guest lectures annually. Industry experts, alumni, and academicians from IITs/NITs share knowledge on emerging technologies and career guidance."
66,What is the gender ratio among faculty?,"Faculty gender ratio is 45% female and 55% male, promoting diversity and inclusive teaching environment across all departments."
67,Do faculty supervise Ph.D. students?,"Yes, 28 faculty members are recognized Ph.D. supervisors. Currently, 75 research scholars are pursuing doctoral degrees under their guidance in various specializations."
68,Who is the most experienced faculty member?,Prof. Dr. S. Krishnan has 35 years of teaching experience. He is a distinguished professor in Mechanical Engineering and has guided 50+ M.Tech and 15 Ph.D. students.
69,What certifications do faculty possess?,"Faculty hold certifications in: AWS Cloud, Google Cloud, Microsoft Azure, Cisco CCNA, PMP, Six Sigma Black Belt, NPTEL courses, and domain-specific industry certifications."
70,How accessible are faculty to students?,"Faculty maintain regular office hours, respond to emails within 24 hours, and are available on college messaging platforms. Department WhatsApp groups facilitate quick communication."
71,Do faculty participate in curriculum design?,"Yes, Board of Studies includes senior faculty members who regularly update curriculum based on industry needs, emerging technologies, and NEP 2020 guidelines."
72,What languages can faculty teach in?,"Faculty are proficient in English (primary medium), Hindi, Telugu, Tamil, and Kannada. This helps in effective communication with diverse student population."
73,Are there faculty clubs or associations?,"Yes, Faculty Club organizes cultural events, sports activities, and wellness programs. Professional chapters like IEEE Faculty Chapter conduct technical sessions."
74,Who heads the Research and Development cell?,Dr. Lakshmi Narayanan heads the R&D Cell. She has secured ₹2 crore in research funding and holds 8 patents in renewable energy technologies.
75,What is the faculty retention rate?,"Faculty retention rate is 92% over the last 5 years, indicating job satisfaction, good work culture, and competitive compensation. Average tenure is 8 years."
76,What labs are available in the Computer Science department?,"CSE has 8 labs: Programming Lab, Data Structures Lab, DBMS Lab, Networks Lab, AI/ML Lab, Cloud Computing Lab, Cybersecurity Lab, and Project Lab. Total capacity: 480 students."
77,What is the configuration of computers in labs?,"All labs have latest configuration: Intel i7 processors, 16GB RAM, 512GB SSD, dedicated graphics cards for AI/ML labs, dual monitors, and licensed software including Visual Studio, MATLAB, and AutoCAD."
78,What software is available in labs?,"Licensed software: MS Office Suite, Visual Studio, Eclipse, PyCharm, MATLAB, AutoCAD, SolidWorks, ANSYS, Xilinx, Keil, Proteus, Packet Tracer, VMware, and open-source tools."
79,Are labs accessible after college hours?,"Yes, labs are open Monday-Friday: 8 AM-8 PM, Saturday: 8 AM-6 PM. Special permission available for project work on Sundays. ID card mandatory for access."
80,What is the internet speed in college?,College has 1 Gbps dedicated internet connection. WiFi available across campus with speed of 100 Mbps. Separate 500 Mbps line for research and development activities.
81,Is there a dedicated project lab?,"Yes, each department has a dedicated project lab with workstations, development boards (Arduino, Raspberry Pi), 3D printer, PCB fabrication facility, and mentorship from faculty."
82,What electronics labs are available?,"Electronics labs include: Basic Electronics Lab, Analog Circuits Lab, Digital Electronics Lab, Microprocessors Lab, VLSI Lab, Embedded Systems Lab, and Communication Lab."
83,Are there any specialized research labs?,"Yes, specialized labs: IoT Research Lab, Robotics Lab, Data Analytics Center, AI Research Lab, and Clean Energy Lab equipped with industry-grade equipment worth ₹5 crores."
84,What mechanical engineering labs exist?,"Mechanical labs: Strength of Materials, Fluid Mechanics, Thermodynamics, Manufacturing Technology, Metrology, CAD/CAM, Automotive, and Refrigeration & Air Conditioning labs."
85,Is there a language lab?,"Yes, English Language Lab with 60 computer systems, headphones, speech recognition software, and digital content for improving communication skills. TOEFL/IELTS preparation modules available."
86,What safety measures are in place in labs?,"Safety features: Fire extinguishers, first aid kits, emergency exits, CCTV surveillance, voltage stabilizers, earthing, safety signage, and trained lab assistants. Regular safety audits conducted."
87,How many students can a lab accommodate?,Standard labs accommodate 60 students per batch. Workstation allocation is 1:1 ensuring every student gets hands-on practice. Larger labs can accommodate up to 90 students.
88,Are there any virtual labs?,"Yes, access to 100+ virtual labs through NPTEL and IIT Bombay. Virtual labs for Physics, Chemistry, Electrical, Electronics, and Computer Science available 24/7 online."
89,What is the library's digital infrastructure?,"Digital Library: 50,000+ e-books, IEEE/ACM/Springer subscriptions, NPTEL video lectures, 100 computer terminals, printing facility, and dedicated research cubicles."
90,Is there a fabrication lab?,"Yes, Fabrication Lab (Fab Lab) equipped with laser cutter, CNC machines, 3D printers, welding equipment, and tools for rapid prototyping. Open for student projects and innovation."
91,What certifications can students obtain through labs?,"Students can obtain certifications in: CISCO CCNA (Networking Lab), Microsoft Azure (Cloud Lab), AWS Cloud Practitioner, Python Programming, and various NPTEL certifications."
92,Are there labs for biotechnology students?,"Yes, Biotech labs include: Microbiology Lab, Biochemistry Lab, Genetic Engineering Lab, Plant Tissue Culture Lab, and Bioinformatics Lab with advanced equipment."
93,What equipment is available in the physics lab?,"Physics Lab: Spectrometers, Oscilloscopes, Newton's rings apparatus, Lasers, Optical instruments, Electronic balance, and modern physics experiment kits."
94,How often is lab equipment upgraded?,Lab equipment is upgraded every 3-4 years. Annual budget of ₹1.5 crores allocated for equipment maintenance and upgrades. Old equipment is refurbished or replaced.
95,Can students access labs for personal projects?,"Yes, after submitting project proposal to HOD and lab-in-charge. Students get dedicated time slots, mentorship, and access to equipment. Many startups have emerged from these projects."
96,What accreditations does the college hold?,"College is accredited by NAAC with A+ grade (3.51 CGPA), NBA accreditation for 6 programs, and certified ISO 9001:2015 for quality management. Also approved by AICTE and affiliated to State University."
97,What is the college ranking?,"Ranked #42 among Engineering Colleges in India by NIRF 2024, #8 in State rankings, and 5-star rating by QS I-GAUGE. Featured in top 100 by various education magazines."
98,Has the college won any awards?,"Recent awards: Best Engineering College Award 2023, Excellence in Placements Award, Innovation in Teaching Award, Green Campus Award, and Best Infrastructure Award from education bodies."
99,What is the college's placement record?,Highest placement rate of 95% achieved in 2023. Record highest package: ₹42 LPA. Average package grew from ₹4.5 LPA (2019) to ₹6.5 LPA (2024) - 44% growth.
100,How many patents has the college filed?,"Faculty and students have filed 85 patents in last 5 years, out of which 32 have been granted. Areas include IoT, renewable energy, medical devices, and agricultural technology."
101,What sports achievements has the college earned?,"State champions in cricket and basketball (2023). 15 students represented state in athletics. Won inter-college tournaments in football, volleyball, badminton, and chess."
102,Has the college won any smart India hackathons?,"Yes, our teams won 12 Smart India Hackathon awards in last 3 years including 3 first prizes. Solutions developed for agriculture, healthcare, and education sectors."
103,What cultural fest achievements are there?,Annual cultural fest 'TechnoVista' attracts 5000+ participants from 50+ colleges. Won 1st prize in IIT Delhi cultural fest and 2nd prize in NIT Trichy technical fest.
104,How many MoUs does the college have?,"Active MoUs with 45 organizations: 15 international universities, 20 industry partners (TCS, Infosys, IBM, etc.), 10 research institutions, fostering collaboration and student exchange."
105,What research publications record exists?,"Record 250+ publications in 2023 alone. Total 1200+ papers in SCI/Scopus journals in last 5 years. H-index of faculty collective: 145. Published in top venues like IEEE, Springer, Elsevier."
106,What entrepreneurship success stories exist?,"25 successful startups founded by alumni with combined valuation of ₹500 crores. Notable: Ed-tech startup (₹50 Cr valuation), FinTech app (₹80 Cr), AgriTech solution (₹35 Cr)."
107,What is the highest attendance record?,Department of Electronics achieved 96.5% attendance in 2022-23. Individual record: Student maintained 100% attendance for 4 consecutive years.
108,What international achievements exist?,"Students won 8 international competitions including NASA Space Apps Challenge, Google Code Jam, Microsoft Imagine Cup, and ACM ICPC. 2 students published in Nature Scientific Reports."
109,What is the college's research funding record?,"Secured ₹12 crores in research grants from DST, DBT, DRDO, AICTE, and industry in last 3 years. Single largest grant: ₹2.5 crores for AI research center."
110,What alumni achievements are noteworthy?,"Alumni working at: Google (15), Microsoft (12), Amazon (20), Apple (5), NASA (2). 3 alumni are CEOs of companies, 50+ are startup founders, 100+ pursuing Ph.D. at top universities."
111,What technical clubs are active in college?,"Active clubs: Coding Club, Robotics Club, IoT Club, AI/ML Club, Cybersecurity Club, Web Development Club, Photography Club, and Innovation Club. Each has 100+ active members."
112,What hackathons does the college organize?,"Annual 36-hour hackathon 'CodeFest' with 500+ participants, prizes worth ₹5 lakhs. Students also participate in Smart India Hackathon, HackerEarth, CodeChef, and company-sponsored hackathons."
113,What workshops are conducted regularly?,"Monthly workshops on: Latest technologies (AI, Blockchain, Cloud), soft skills, industry tools, research methodology, entrepreneurship, and personality development. 50+ workshops annually."
114,Does the college participate in international competitions?,"Yes, students participate in ACM ICPC, Google Code Jam, Facebook Hacker Cup, Microsoft Imagine Cup, NASA challenges, and IEEE competitions with notable wins."
115,What social service activities exist?,"NSS unit with 200+ volunteers conducts blood donation camps (500+ units/year), village adoption program, literacy drives, tree plantation (5000+ trees), and disaster relief activities."
116,What industry visits are organized?,"20+ industry visits annually to companies like TCS, Infosys, Bosch, Toyota, ISRO, HAL, and manufacturing units. Students gain practical industry exposure and networking opportunities."
117,Are there innovation challenges?,"Yes, annual Innovation Challenge with seed funding up to ₹2 lakhs for winning ideas. Last year, 45 projects participated, 5 received funding, 2 commercialized."
118,What environmental initiatives exist?,"Green Campus: Solar power (300 kW), rainwater harvesting, waste segregation, plastic-free campus, organic garden, and biodiversity conservation. Awarded 'Green Campus' certification."
119,Does the college host conferences?,"Hosts annual International Conference on Emerging Technologies (ICET) attracting 300+ participants, 150+ paper presentations, keynotes by industry leaders and academicians."
120,What coding competitions are organized?,Monthly coding contests on platforms like HackerRank and CodeChef. Annual inter-college competition 'CodeWars' with participation from 40+ colleges and prizes worth ₹3 lakhs.
121,Are there leadership development programs?,"Yes, Leadership Development Program for student council members, club coordinators covering team management, communication, decision-making, and organizational skills."
122,What international collaborations exist?,"Student exchange programs with 15 universities in USA, Germany, Singapore, Australia. 30+ students participate annually. Joint research projects and dual degree programs available."
123,Does the college celebrate technical festivals?,"Annual technical fest 'Technovanza' - 3 day event with 50+ events, 3000+ participants, industry exhibitions, guest lectures, competitions, and cultural programs."
124,What community outreach programs exist?,"Teach For India partnership, coding classes for underprivileged students, free medical camps in villages, women empowerment workshops, and skill development programs."
125,Are there peer learning initiatives?,"Yes, Student Mentorship Program where seniors mentor juniors, peer tutoring sessions, study groups, project collaboration forums, and knowledge sharing workshops."
